Workbook

Sheet Inputs
A1: 0 | B1: 00123 | C1: 2 | D1: 4 | E1: 46026
A2: 3.5 | B2: needle | C2: 5 | D2: 3

Sheet Checks
A1: =Inputs!A1=0
A2: =SUM(Inputs!A1:A2)
A3: =IF(Inputs!A1=0,"zero","no")
A4: =TEXT(Inputs!A2,"0.00")
A5: =VLOOKUP(Inputs!B2,Inputs!B1:B2,1,FALSE)
A6: =MATCH(Inputs!B2,Inputs!B1:B2,0)
A7: =DATE(2024,2,29)
A8: =YEAR(DATE(2024,2,29))
A9: =NA()
A10: =UNKNOWN_FN()
A11: =COUNT(Inputs!A1:A2)
A12: =AVERAGE(Inputs!A1:A2)
A13: =LEN(Inputs!B2)
A14: =LEFT(Inputs!B2,3)
A15: =SUMPRODUCT(Inputs!C1:C2,Inputs!D1:D2)
A16: =INDEX(Inputs!B1:B2,MATCH(Inputs!B2,Inputs!B1:B2,0))
A17: =IFERROR(1/0,"safe")
A18: =COUNTIF(Inputs!B1:B2,"needle")
A19: =TEXT(Inputs!E1,"yyyy-mm-dd")
A20: =Inputs!A1
A21: =Inputs!B1
A22: =ROW(Inputs!A2)
A23: =COLUMN(Inputs!B2)
A24: =INDIRECT("Inputs!A2")
A25: =RATE(12,-100,1000)
A26: =MONTH(DATE(2024,2,29))
A27: =DAY(DATE(2024,2,29))
A28: =WEEKDAY(DATE(2024,2,29),2)
A29: =EDATE(DATE(2024,1,31),1)
A30: =EOMONTH(DATE(2024,2,15),0)
A31: =NETWORKDAYS(DATE(2024,1,1),DATE(2024,1,5))
A32: =ADDRESS(2,2,1,TRUE,"Inputs")
A33: =TODAY()
